seed,x_T,failed,time_since_last_burst
0,-1.0,0,6
1,-0.20310324293142754,0,2
2,0.9346038388991165,1,1
3,-0.5632134918323141,0,16
4,-0.5937616003444588,0,9
5,-0.6113330483964347,0,0
6,-0.9809340280807805,0,7
7,-1.0,0,5
8,-0.9382145853717367,0,13
9,0.11641867964870806,0,0
10,1.0,1,9
11,0.065017369063822,0,4
12,-1.0,0,3
13,1.0,1,5
14,0.9854342666883755,1,1
15,1.0,1,18
16,0.9597858352690034,1,1
17,1.0,1,21
18,-0.48888840969883873,0,7
19,1.0,1,5
20,-1.0,0,4
21,1.0,1,11
22,0.3288290387424945,0,3
23,0.6730778251069898,1,3
24,-1.0,0,4
25,1.0,1,30
26,-0.44009268041592353,0,2
27,-1.0,0,1
28,0.3850089082689366,0,17
29,0.6946700728381948,1,0
30,-0.9995204639091291,0,9
31,1.0,1,5
32,1.0,1,16
33,1.0,1,18
34,-1.0,0,7
35,1.0,1,7
36,-0.044243888588566066,0,2
37,-1.0,0,5
38,-1.0,0,7
39,-1.0,0,5
40,0.5561930268090405,1,4
41,-0.42943228057041155,0,6
42,-0.7593930203834863,0,4
43,1.0,1,22
44,0.8189462223436405,1,5
45,-0.2006271029398437,0,15
46,-0.7318671614852992,0,6
47,-1.0,0,0
48,-1.0,0,5
49,1.0,1,8
50,-0.30264911655259347,0,2
51,-0.4663341366520517,0,12
52,1.0,1,17
53,-0.939977911345365,0,9
54,1.0,1,19
55,1.0,1,27
56,0.7075479779050884,1,1
57,-1.0,0,3
58,0.21267606527083455,0,12
59,1.0,1,10
60,1.0,1,8
61,-1.0,0,9
62,1.0,1,26
63,0.9416610180638133,1,1
64,1.0,1,36
65,-1.0,0,1
66,0.5736207041800788,1,2
67,-0.7862039747070951,0,14
68,-1.0,0,10
69,1.0,1,19
70,-1.0,0,5
71,-1.0,0,3
72,1.0,1,6
73,1.0,1,27
74,1.0,1,5
75,1.0,1,31
76,1.0,1,7
77,1.0,1,23
78,0.9011507726754288,1,3
79,1.0,1,18
80,1.0,1,10
81,0.9176602589249345,1,1
82,-1.0,0,4
83,1.0,1,17
84,0.3282095825526023,0,12
85,-0.2365671579061514,0,2
86,1.0,1,23
87,1.0,1,20
88,1.0,1,17
89,1.0,1,2
90,0.39214808456609296,0,5
91,-0.26401113918550756,0,7
92,-1.0,0,1
93,-0.8161156956862379,0,12
94,-1.0,0,9
95,-0.9348337629196279,0,13
96,0.7170993927364452,1,2
97,1.0,1,48
98,-0.9859968640460544,0,1
99,-1.0,0,1
100,-0.2816582680476891,0,2
101,-1.0,0,8
102,0.8670676956097441,1,1
103,1.0,1,38
104,-0.25217084063142975,0,14
105,-1.0,0,9
106,1.0,1,7
107,-0.6262979364568875,0,9
108,1.0,1,4
109,1.0,1,43
110,-0.6284797779638684,0,4
111,0.08050492918330188,0,1
112,0.5310805437680299,1,0
113,-1.0,0,0
114,0.12934096482711382,0,7
115,-0.21554547967637536,0,0
116,0.7702419207599109,1,0
117,0.8305069317338727,1,3
118,0.8928179704357111,1,2
119,0.7058267859685223,1,10
120,-1.0,0,0
121,-0.9067621208044032,0,11
122,1.0,1,10
123,0.940482509542456,1,1
124,0.9074916253857555,1,1
125,-1.0,0,5
126,0.9483642047635543,1,2
127,-0.5746629222612193,0,15
128,0.9814858613619217,1,2
129,0.922475845174227,1,12
130,0.8532562868021423,1,6
131,0.9629704374318149,1,0
132,-1.0,0,4
133,0.5664084794807915,1,0
134,0.9067966689470017,1,2
135,0.793326987040435,1,1
136,1.0,1,37
137,0.02808377629969605,0,13
138,0.6761920994590837,1,0
139,0.7446478976586597,1,8
140,0.40564136130727246,0,13
141,-0.8689803441886459,0,11
142,0.6208577445557298,1,2
143,0.9535276950192076,1,0
144,-0.3123164736537583,0,3
145,0.618651744161817,1,14
146,-1.0,0,0
147,1.0,1,7
148,-0.9777344343427308,0,10
149,1.0,1,23
150,-1.0,0,2
151,-1.0,0,6
152,0.31592684296238455,0,2
153,1.0,1,20
154,0.10571867209533942,0,14
155,1.0,1,37
156,1.0,1,6
157,0.7642876011194842,1,4
158,1.0,1,28
159,-1.0,0,0
160,-0.6991177007957792,0,12
161,0.9072219832469526,1,0
162,-0.8666911884072827,0,10
163,-0.7814902523002043,0,1
164,-0.5735887168590307,0,11
165,1.0,1,13
166,0.8796308683819729,1,1
167,0.934747968567149,1,1
168,1.0,1,59
169,1.0,1,16
170,-1.0,0,9
171,0.6928791001864668,1,5
172,1.0,1,4
173,-1.0,0,3
174,0.5368071027085854,1,9
175,0.9499354455251433,1,0
176,1.0,1,26
177,-1.0,0,2
178,1.0,1,3
179,-0.16470532149199835,0,17
180,-1.0,0,3
181,-1.0,0,10
182,-0.9839993720457041,0,7
183,1.0,1,26
184,-0.3561464237511079,0,0
185,1.0,1,13
186,1.0,1,17
187,-0.6763834440196483,0,5
188,-1.0,0,4
189,0.49774125271808467,0,5
190,1.0,1,10
191,-1.0,0,5
192,1.0,1,34
193,1.0,1,9
194,0.18673477600879895,0,14
195,-1.0,0,7
196,-0.7879301766780227,0,11
197,-1.0,0,8
198,1.0,1,34
199,1.0,1,45
200,0.06217189101840456,0,0
201,-0.029364218298501138,0,7
202,1.0,1,36
203,-0.9856118408549472,0,8
204,1.0,1,5
205,1.0,1,3
206,-0.8002969728186403,0,10
207,0.9763511627733494,1,0
208,0.9362758887593419,1,0
209,0.2153613127342725,0,17
210,0.9268671532706434,1,2
211,1.0,1,4
212,1.0,1,6
213,1.0,1,17
214,0.09947340679418976,0,12
215,-1.0,0,1
216,1.0,1,16
217,0.8412416208651955,1,10
218,0.8058250167215997,1,3
219,1.0,1,14
220,0.16034818791438094,0,14
221,-1.0,0,7
222,-0.9344861802642244,0,7
223,-0.06969148653856137,0,6
224,-0.22006993044987253,0,3
225,1.0,1,26
226,1.0,1,24
227,-1.0,0,4
228,0.34827468524781824,0,16
229,0.9042181237330651,1,2
230,0.8991226543531846,1,0
231,0.5722961011506528,1,2
232,0.41790504106736537,0,4
233,-1.0,0,1
234,1.0,1,5
235,-1.0,0,7
236,-1.0,0,8
237,1.0,1,10
238,1.0,1,4
239,-0.4387506880231279,0,12
240,1.0,1,5
241,-0.8833503234214648,0,9
242,0.9303379763565122,1,1
243,0.5311998228087055,1,7
244,-0.2768104004299968,0,8
245,0.8286169213466057,1,5
246,1.0,1,30
247,-0.7889598941841164,0,0
248,0.4447166453789399,0,17
249,0.9729476577864864,1,1
250,-1.0,0,0
251,-0.18908748684982873,0,7
252,1.0,1,20
253,-0.780960998804462,0,13
254,1.0,1,4
255,0.7291841611486924,1,5
256,0.9782400072605938,1,0
257,0.39764340056499725,0,9
258,1.0,1,11
259,0.49795368238245075,0,10
260,-0.3637481560980606,0,9
261,-0.17107752872280257,0,5
262,-0.9400247543587787,0,2
263,0.5965776644982357,1,0
264,1.0,1,14
265,1.0,1,19
266,1.0,1,27
267,1.0,1,13
268,1.0,1,3
269,-0.08238892633748196,0,11
270,-1.0,0,1
271,1.0,1,19
272,0.2782159700656049,0,1
273,1.0,1,17
274,-1.0,0,4
275,0.28749541948084156,0,12
276,-0.35559482855646624,0,5
277,1.0,1,21
278,1.0,1,27
279,0.9784016065086081,1,1
280,0.6061505417985462,1,2
281,1.0,1,13
282,1.0,1,8
283,-1.0,0,2
284,0.9458760933471707,1,0
285,0.7755632348323654,1,4
286,-1.0,0,6
287,1.0,1,12
288,-0.7704782494541615,0,8
289,1.0,1,15
290,-1.0,0,7
291,1.0,1,10
292,-0.24867922515802576,0,2
293,1.0,1,4
294,0.33272143352426425,0,4
295,0.5457822122479422,1,2
296,1.0,1,27
297,1.0,1,20
298,0.9012872461768245,1,1
299,-1.0,0,8
300,0.944011905488716,1,3
301,1.0,1,28
302,-0.8975812024104263,0,9
303,1.0,1,6
304,0.9872529349709327,1,2
305,-1.0,0,8
306,-1.0,0,6
307,0.561494785321823,1,5
308,1.0,1,10
309,0.988872060743813,1,2
310,-0.13900206911697155,0,8
311,0.5640235426268169,1,6
312,1.0,1,12
313,0.7918977026021159,1,8
314,0.9746505444806205,1,0
315,-0.07342880389500275,0,4
316,-0.23163241757388509,0,3
317,0.6205891828813084,1,0
318,-1.0,0,7
319,0.7245676015287987,1,3
320,-0.05940828560863462,0,1
321,1.0,1,6
322,0.6293947022597244,1,1
323,1.0,1,24
324,0.9720779387506991,1,0
325,1.0,1,28
326,-0.8555681729389186,0,5
327,-1.0,0,4
328,-1.0,0,0
329,1.0,1,26
330,1.0,1,16
331,-1.0,0,5
332,1.0,1,31
333,1.0,1,20
334,-1.0,0,0
335,-0.5968014241377904,0,7
336,-0.9946694706632286,0,4
337,-0.22585642884116752,0,6
338,-1.0,0,4
339,0.878638835509474,1,0
340,-0.155332322727665,0,14
341,1.0,1,25
342,1.0,1,16
343,-0.9873260748475081,0,2
344,-1.0,0,5
345,1.0,1,25
346,-1.0,0,9
347,1.0,1,22
348,0.37759156941791927,0,4
349,1.0,1,10
350,1.0,1,44
351,-0.7070488307168267,0,9
352,1.0,1,10
353,0.4188939265712637,0,11
354,-0.2963995724078344,0,11
355,0.03206344472949707,0,4
356,0.5892659864303669,1,17
357,0.9064346417075168,1,1
358,-0.900042629242744,0,6
359,-0.8918340436345502,0,0
360,-0.6676302877525284,0,12
361,-1.0,0,2
362,0.9874009348734242,1,4
363,-0.7934423280746178,0,11
364,1.0,1,15
365,0.15139983044394337,0,11
366,0.021726008185170106,0,2
367,0.9030096149784228,1,3
368,0.51623785187538,1,2
369,1.0,1,20
370,0.8808041450083104,1,1
371,0.9318646708829678,1,0
372,-0.8724280536080928,0,7
373,-0.0969139274900978,0,3
374,-1.0,0,9
375,-0.16718319258922087,0,13
376,0.2094186228177769,0,13
377,1.0,1,25
378,0.987162638641175,1,1
379,1.0,1,23
380,1.0,1,7
381,1.0,1,15
382,0.8784244378594006,1,13
383,0.3158299468582332,0,0
384,1.0,1,15
385,-1.0,0,5
386,1.0,1,3
387,-0.8351295849355775,0,9
388,1.0,1,19
389,-0.16120514875756714,0,12
390,-0.9284331483473888,0,0
391,0.5663785747895008,1,1
392,0.8058817085108563,1,16
393,-0.9204927540890239,0,11
394,-1.0,0,4
395,0.7915224075803381,1,4
396,0.06336958844190685,0,2
397,0.25395417139789106,0,5
398,-0.38134850325900804,0,0
399,1.0,1,19
400,1.0,1,19
401,0.20968236425575917,0,3
402,1.0,1,20
403,0.14638766573773843,0,11
404,0.8398764266765562,1,2
405,-1.0,0,3
406,1.0,1,23
407,0.8590757408549573,1,1
408,0.5433934194026824,1,5
409,1.0,1,10
410,1.0,1,21
411,0.17867657008594948,0,3
412,1.0,1,23
413,0.08736867350410495,0,6
414,0.9072825592773976,1,0
415,-1.0,0,7
416,-1.0,0,1
417,0.22089796533294107,0,8
418,0.7280297989614086,1,3
419,-0.5691117049271746,0,3
420,0.27891743394604707,0,0
421,-0.15402939935083276,0,15
422,-1.0,0,6
423,-0.3675829285070529,0,2
424,-0.18446485703283266,0,4
425,1.0,1,32
426,-1.0,0,3
427,0.19751521637271213,0,12
428,0.7161061097362638,1,4
429,0.7291871460072308,1,3
430,0.7507555788955225,1,15
431,-1.0,0,4
432,1.0,1,32
433,1.0,1,21
434,1.0,1,33
435,-1.0,0,0
436,1.0,1,30
437,-0.6792655245974649,0,11
438,1.0,1,7
439,0.38565782135777316,0,6
440,0.6158519693391115,1,12
441,0.842610194576324,1,17
442,0.9302796120366578,1,0
443,1.0,1,3
444,-0.12407636491643423,0,3
445,0.6253110620852407,1,12
446,1.0,1,20
447,0.8943987583477498,1,3
448,-1.0,0,4
449,-1.0,0,0
450,1.0,1,26
451,-0.7230812947224163,0,8
452,0.8605726960051734,1,0
453,1.0,1,5
454,1.0,1,30
455,0.953041230785227,1,1
456,-1.0,0,0
457,1.0,1,19
458,-1.0,0,1
459,1.0,1,20
460,1.0,1,21
461,1.0,1,42
462,0.6194997485995024,1,3
463,0.8515602930624708,1,3
464,0.5692393018689272,1,5
465,-0.9402071089707469,0,2
466,0.8458740767384673,1,13
467,0.5809188990900693,1,4
468,-1.0,0,10
469,-0.050502860580297515,0,0
470,0.8288538484420902,1,0
471,-0.13930466857020607,0,0
472,-0.9658097136740391,0,7
473,0.23012163650237502,0,0
474,-0.8302626969767315,0,8
475,0.4374285518162748,0,2
476,0.2965935412628595,0,4
477,-1.0,0,0
478,-0.23319160496811606,0,8
479,0.8744865384913236,1,1
480,-0.04434505556998346,0,2
481,1.0,1,23
482,0.9290190117536639,1,1
483,0.7785157945912663,1,2
484,0.8248541566051465,1,3
485,-1.0,0,4
486,-1.0,0,4
487,0.32312115166956606,0,4
488,-1.0,0,3
489,0.9622511414300123,1,0
490,0.5958972399996691,1,15
491,-1.0,0,2
492,0.19413761344459055,0,5
493,-1.0,0,4
494,1.0,1,15
495,1.0,1,9
496,0.939716839407464,1,0
497,1.0,1,19
498,-1.0,0,5
499,1.0,1,12
