C,k,beta2,xbar,dwell
10,0.05,0.995,-0.9479984610799488,0.0
10,0.1758227848101266,0.9824177215189873,-0.9463111017052939,0.0
10,0.30164556962025313,0.9698354430379746,-0.9445562405471687,0.0
10,0.4274683544303797,0.9572531645569621,-0.9427290144084646,0.0
10,0.5532911392405063,0.9446708860759494,-0.9408243199743989,0.0
10,0.6791139240506329,0.9320886075949367,-0.9388368272221314,0.0
10,0.8049367088607595,0.919506329113924,-0.9365405753792857,0.0
10,0.9307594936708861,0.9069240506329114,-0.9331786738650886,0.0
10,1.0565822784810126,0.8943417721518987,-0.9296975890660827,0.0
10,1.1824050632911391,0.8817594936708861,-0.9260890422989082,0.0
10,1.3082278481012657,0.8691772151898735,-0.9223447073402811,0.0
10,1.4340506329113922,0.8565949367088608,-0.9184563203168571,0.0
10,1.559873417721519,0.8440126582278481,-0.9144158145081406,0.0
10,1.6856962025316455,0.8314303797468354,-0.9088440381989376,0.0
10,1.811518987341772,0.8188481012658229,-0.9030473807531492,0.0
10,1.9373417721518986,0.8062658227848101,-0.8970483177968032,0.0
10,2.063164556962025,0.7936835443037975,-0.8903578053401386,0.0
10,2.1889873417721515,0.7811012658227848,-0.882426934272129,0.0
10,2.314810126582278,0.7685189873417722,0.7648576877500154,1.0
10,2.4406329113924046,0.7559367088607596,0.7686063839371442,1.0
10,2.566455696202531,0.7433544303797469,0.7722039039337815,1.0
10,2.6922784810126577,0.7307721518987342,0.7756535904794027,1.0
10,2.818101265822784,0.7181898734177216,0.7789581777826111,1.0
10,2.9439240506329107,0.7056075949367089,0.7821196773599344,1.0
10,3.0697468354430377,0.6930253164556962,0.7851392612255335,1.0
10,3.1955696202531643,0.6804430379746835,0.7880171459050109,1.0
10,3.321392405063291,0.667860759493671,0.7907524818088603,1.0
10,3.4472151898734174,0.6552784810126583,0.793343253508661,1.0
10,3.573037974683544,0.6426962025316456,0.795786197262667,1.0
10,3.6988607594936704,0.6301139240506329,0.7980767425591899,1.0
10,3.824683544303797,0.6175316455696203,0.8002089843047294,1.0
10,3.9505063291139235,0.6049493670886077,0.802175691431302,1.0
10,4.07632911392405,0.592367088607595,0.8039683560641098,1.0
10,4.202151898734177,0.5797848101265823,0.8055772850250165,1.0
10,4.327974683544303,0.5672025316455697,0.8062548297419052,1.0
10,4.45379746835443,0.554620253164557,0.8066871967543687,1.0
10,4.579620253164556,0.5420379746835444,0.806955009226769,1.0
10,4.705443037974683,0.5294556962025317,0.807051741722755,1.0
10,4.831265822784809,0.5168734177215191,0.8069701968854499,1.0
10,4.957088607594936,0.5042911392405064,0.806702594291996,1.0
10,5.082911392405062,0.4917088607594937,0.8062406743900716,1.0
10,5.208734177215189,0.47912658227848115,0.8055758125358002,1.0
10,5.3345569620253155,0.4665443037974685,0.8046991372760868,1.0
10,5.460379746835442,0.4539620253164558,0.8036016466478021,1.0
10,5.586202531645569,0.4413797468354431,0.802274316415265,1.0
10,5.712025316455695,0.42879746835443044,0.8007081947716159,1.0
10,5.837848101265822,0.4162151898734179,0.7988944789677466,1.0
10,5.963670886075948,0.4036329113924052,0.7968245704540833,1.0
10,6.089493670886076,0.3910506329113924,0.7944901062682481,1.0
10,6.215316455696202,0.37846835443037974,0.7918829654261756,1.0
10,6.341139240506329,0.3658860759493672,0.7889952498478131,1.0
10,6.466962025316455,0.3533037974683545,0.7858192397843712,1.0
10,6.592784810126582,0.3407215189873418,0.7823473237930602,1.0
10,6.718607594936708,0.32813924050632914,0.7785719030977425,1.0
10,6.844430379746835,0.31555696202531647,0.7744852698346929,1.0
10,6.970253164556961,0.3029746835443039,0.7700794583938035,1.0
10,7.096075949367088,0.2903924050632912,0.7653460689139114,1.0
10,7.2218987341772145,0.27781012658227855,0.7596960973528274,1.0
10,7.347721518987341,0.2652278481012659,0.7532952857492238,1.0
10,7.473544303797468,0.2526455696202532,0.7464703730461473,1.0
10,7.599367088607594,0.24006329113924063,0.7392094680252922,1.0
10,7.725189873417721,0.22748101265822795,0.7314983977268544,0.8
10,7.851012658227847,0.21489873417721528,0.7233201422724419,0.8
10,7.976835443037974,0.2023164556962026,0.7146540747579863,0.8
10,8.102658227848101,0.18973417721518993,0.7054749058348517,0.8
10,8.228481012658229,0.17715189873417714,0.6957512174584063,0.8
10,8.354303797468354,0.16456962025316457,0.6854434819677573,0.8
10,8.480126582278482,0.15198734177215178,0.6745015159633465,0.6
10,8.605949367088607,0.13940506329113922,0.6628614147165359,0.6
10,8.731772151898735,0.12682278481012654,0.6504421136750154,0.6
10,8.85759493670886,0.11424050632911398,0.6371416974889369,0.6
10,8.983417721518988,0.10165822784810119,0.6228330841887041,0.6
10,9.109240506329114,0.08907594936708862,0.6073569367028382,0.6
10,9.235063291139241,0.07649367088607595,0.5905046356563556,0.6
10,9.360886075949367,0.06391139240506338,-0.6941254875525135,0.0
10,9.486708860759494,0.051329113924050596,-0.7009435732480265,0.0
10,9.61253164556962,0.03874683544303803,-0.7091365883257749,0.0
10,9.738354430379747,0.026164556962025243,-0.7183775462815424,0.0
10,9.864177215189873,0.013582278481012677,-0.7291540480895291,0.0
10,9.99,0.0010000000000000009,-0.7527832128134897,0.0
30,0.05,0.9983333333333333,-0.5081180782320489,0.0
30,0.42873417721518986,0.9857088607594937,0.03405894499715494,0.2
30,0.8074683544303798,0.973084388185654,0.12441389456796034,0.23333333333333334
30,1.1862025316455698,0.9604599156118143,0.2003680514208312,0.3
30,1.5649367088607595,0.9478354430379747,0.26429415114227045,0.3333333333333333
30,1.9436708860759493,0.935210970464135,0.3183231275319052,0.3333333333333333
30,2.3224050632911393,0.9225864978902953,0.3643649775613761,0.36666666666666664
30,2.701139240506329,0.9099620253164558,0.40412852712504066,0.4
30,3.079873417721519,0.8973375527426161,0.4369546241017284,0.43333333333333335
30,3.4586075949367086,0.8847130801687764,0.46578316397191954,0.4666666666666667
30,3.8373417721518983,0.8720886075949368,0.4902054454921708,0.4666666666666667
30,4.216075949367088,0.8594641350210971,0.5114189566271662,0.4666666666666667
30,4.594810126582279,0.8468396624472574,0.529238099846567,0.5
30,4.9735443037974685,0.8342151898734177,0.5455180552687956,0.5
30,5.352278481012658,0.821590717299578,0.5580029971231716,0.5
30,5.731012658227848,0.8089662447257384,0.5695178686594708,0.5333333333333333
30,6.109746835443038,0.7963417721518987,0.5796836621880499,0.5666666666666667
30,6.4884810126582275,0.783717299578059,0.5869407976528318,0.5666666666666667
30,6.867215189873417,0.7710928270042194,0.5934402129378412,0.5666666666666667
30,7.245949367088607,0.7584683544303797,0.5992167296634262,0.5666666666666667
30,7.624683544303797,0.74584388185654,0.6035560159211713,0.6
30,8.003417721518987,0.7332194092827005,0.6057347540683928,0.6
30,8.382151898734177,0.7205949367088608,0.6071382785449323,0.6
30,8.760886075949367,0.7079704641350211,0.60771296167176,0.6
30,9.139620253164559,0.6953459915611814,0.6073840449707174,0.6
30,9.518354430379748,0.6827215189873417,0.6060606102057349,0.6
30,9.897088607594938,0.6700970464135021,0.603641777182181,0.6
30,10.275822784810128,0.6574725738396624,0.6000234502320009,0.6
30,10.654556962025318,0.6448481012658227,0.5946612293100889,0.6
30,11.033291139240507,0.6322236286919831,0.5880396964517026,0.6
30,11.412025316455697,0.6195991561181434,0.5801961461351067,0.6
30,11.790759493670887,0.6069746835443037,0.5710688313101969,0.6
30,12.169493670886077,0.5943502109704641,0.560606937704825,0.6
30,12.548227848101266,0.5817257383966244,0.5482834708614401,0.6
30,12.926962025316456,0.5691012658227848,0.5341444284138783,0.6
30,13.305696202531646,0.5564767932489452,0.5183767363096146,0.6
30,13.684430379746836,0.5438523206751055,0.5009911196038169,0.6
30,14.063164556962025,0.5312278481012658,0.4820081923423636,0.5666666666666667
30,14.441898734177215,0.5186033755274262,0.46145645576859046,0.5666666666666667
30,14.820632911392405,0.5059789029535865,0.4393704219963887,0.5666666666666667
30,15.199367088607595,0.4933544303797468,0.4157889148580297,0.5666666666666667
30,15.578101265822786,0.4807299578059071,0.39075356994699073,0.5666666666666667
30,15.956835443037976,0.4681054852320675,0.36286678180436444,0.5666666666666667
30,16.335569620253164,0.4554810126582278,0.3327201800037229,0.5333333333333333
30,16.714303797468354,0.44285654008438824,0.30114905350076726,0.5333333333333333
30,17.093037974683543,0.43023206751054854,0.2809843790605855,0.5333333333333333
30,17.471772151898733,0.41760759493670885,0.27078192139598195,0.5333333333333333
30,17.850506329113923,0.40498312236286926,0.2622190629578591,0.5333333333333333
30,18.229240506329116,0.39235864978902946,0.25308908076848785,0.5
30,18.607974683544306,0.37973417721518976,0.24550877213873565,0.5
30,18.986708860759496,0.3671097046413502,0.2380418849635513,0.5
30,19.365443037974686,0.3544852320675105,0.23007050332493037,0.5
30,19.744177215189875,0.3418607594936708,0.2223857026746588,0.5
30,20.122911392405065,0.3292362869198312,0.21626469800788137,0.5
30,20.501645569620255,0.3166118143459915,0.2096912669558287,0.5
30,20.880379746835445,0.3039873417721518,0.20264809420062235,0.5
30,21.259113924050634,0.2913628691983122,0.1951179857712102,0.5
30,21.637848101265824,0.27873839662447253,0.18908116394257898,0.5
30,22.016582278481014,0.26611392405063283,0.183634690078786,0.5
30,22.395316455696204,0.25348945147679325,0.1777409628502235,0.5
30,22.774050632911393,0.24086497890295355,0.1713742285704016,0.5
30,23.152784810126583,0.22824050632911386,0.16450774009730565,0.5
30,23.531518987341773,0.21561603375527427,0.15711319368430143,0.5
30,23.910253164556963,0.20299156118143458,0.15238016616271924,0.5
30,24.288987341772152,0.19036708860759488,0.1473130106667238,0.5
30,24.667721518987342,0.1777426160337553,0.14173617607028102,0.5
30,25.046455696202532,0.1651181434599156,0.1356031005914822,0.5
30,25.42518987341772,0.1524936708860759,0.12885983043405227,0.4666666666666667
30,25.80392405063291,0.13986919831223632,0.12144168517891285,0.4666666666666667
30,26.1826582278481,0.12724472573839662,0.11521458960603938,0.4666666666666667
30,26.56139240506329,0.11462025316455693,0.11035331197230581,0.4666666666666667
30,26.94012658227848,0.10199578059071734,0.10476607462375999,0.4666666666666667
30,27.31886075949367,0.08937130801687765,0.09833206299832412,0.4666666666666667
30,27.69759493670886,0.07674683544303795,0.09087767961446064,0.4666666666666667
30,28.07632911392405,0.06412236286919837,0.08211304899940944,0.4666666666666667
30,28.45506329113924,0.05149789029535867,0.07279010661708683,0.4666666666666667
30,28.83379746835443,0.03887341772151898,0.06617117935904808,0.4666666666666667
30,29.21253164556962,0.026248945147679392,0.05704566097099114,0.4666666666666667
30,29.59126582278481,0.013624472573839697,0.04378941940626966,0.4666666666666667
30,29.97,0.0010000000000000009,0.010413523577690941,0.43333333333333335
40,0.05,0.99875,-0.2871824278030731,0.175
40,0.5551898734177216,0.986120253164557,-0.23818182047248887,0.2
40,1.0603797468354432,0.9734905063291139,-0.10876852810236799,0.225
40,1.5655696202531648,0.9608607594936709,0.014535774602603321,0.275
40,2.070759493670886,0.9482310126582278,0.1124004894021751,0.325
40,2.575949367088608,0.9356012658227848,0.19160509588627853,0.375
40,3.0811392405063294,0.9229715189873418,0.2559022113235683,0.4
40,3.5863291139240507,0.9103417721518987,0.3082085584234621,0.4
40,4.0915189873417726,0.8977120253164557,0.35093575871055754,0.425
40,4.596708860759494,0.8850822784810126,0.38610423343433503,0.45
40,5.101898734177216,0.8724525316455696,0.4154352544955904,0.475
40,5.607088607594937,0.8598227848101265,0.440420257917762,0.5
40,6.112278481012659,0.8471930379746835,0.4602592876357695,0.5
40,6.617468354430381,0.8345632911392404,0.4773716247513143,0.525
40,7.122658227848102,0.8219335443037974,0.4910446530264587,0.525
40,7.6278481012658235,0.8093037974683543,0.5027846200972119,0.55
40,8.133037974683546,0.7966740506329113,0.5112414459809796,0.55
40,8.638227848101268,0.7840443037974683,0.518693174417402,0.55
40,9.14341772151899,0.7714145569620252,0.523544687628776,0.55
40,9.648607594936712,0.7587848101265822,0.5263063153507656,0.575
40,10.153797468354433,0.7461550632911391,0.527919721202437,0.575
40,10.658987341772153,0.7335253164556962,0.528253683374748,0.6
40,11.164177215189875,0.7208955696202531,0.5260834637203218,0.6
40,11.669367088607597,0.7082658227848101,0.5218596434855586,0.6
40,12.174556962025319,0.695636075949367,0.5160387720567204,0.6
40,12.67974683544304,0.683006329113924,0.5084519319148437,0.6
40,13.184936708860763,0.670376582278481,0.49893620406225336,0.6
40,13.690126582278484,0.6577468354430379,0.48734560093532336,0.6
40,14.195316455696204,0.6451170886075949,0.4735588554460094,0.6
40,14.700506329113926,0.6324873417721518,0.4574837551494899,0.6
40,15.205696202531648,0.6198575949367088,0.43905837343399723,0.6
40,15.71088607594937,0.6072278481012657,0.41824990975178206,0.6
40,16.21607594936709,0.5945981012658227,0.3950519377149522,0.6
40,16.72126582278481,0.5819683544303798,0.3808372441754508,0.6
40,17.226455696202535,0.5693386075949366,0.37366267882054627,0.6
40,17.731645569620255,0.5567088607594937,0.3676216699086995,0.6
40,18.23683544303798,0.5440791139240505,0.3610401576294965,0.6
40,18.7420253164557,0.5314493670886076,0.35559445233791365,0.6
40,19.247215189873423,0.5188196202531644,0.3494570874483887,0.6
40,19.752405063291143,0.5061898734177215,0.34379776151076447,0.6
40,20.257594936708866,0.4935601265822783,0.3387182889165228,0.6
40,20.762784810126586,0.4809303797468354,0.3331006405067508,0.575
40,21.267974683544306,0.46830063291139234,0.32703242654623443,0.575
40,21.77316455696203,0.4556708860759493,0.32273573915328074,0.575
40,22.27835443037975,0.44304113924050625,0.31801747412694603,0.575
40,22.783544303797473,0.4304113924050632,0.3128566279373448,0.575
40,23.288734177215193,0.41778164556962016,0.30722957179711263,0.575
40,23.793924050632917,0.4051518987341771,0.30282031192905967,0.575
40,24.299113924050637,0.3925221518987341,0.29884332959030596,0.575
40,24.804303797468357,0.379892405063291,0.29449374179767984,0.575
40,25.30949367088608,0.367262658227848,0.28974322727143076,0.575
40,25.8146835443038,0.35463291139240494,0.284562092971627,0.575
40,26.319873417721524,0.3420031645569619,0.2798008870256325,0.575
40,26.825063291139244,0.32937341772151885,0.27645292888868733,0.575
40,27.330253164556968,0.3167436708860758,0.2727704193530128,0.575
40,27.835443037974688,0.30411392405063276,0.2687207448651344,0.575
40,28.340632911392408,0.2914841772151898,0.26426918195020666,0.575
40,28.84582278481013,0.27885443037974667,0.2593793628802845,0.575
40,29.35101265822785,0.26622468354430373,0.25401383152143236,0.575
40,29.856202531645575,0.2535949367088606,0.25111124627912806,0.575
40,30.361392405063295,0.24096518987341764,0.2479423881790744,0.575
40,30.86658227848102,0.22833544303797448,0.24440076803093805,0.575
40,31.37177215189874,0.21570569620253155,0.2404389944669319,0.575
40,31.876962025316463,0.2030759493670884,0.2360053531375482,0.575
40,32.38215189873418,0.19044620253164557,0.23104436250934915,0.575
40,32.8873417721519,0.17781645569620252,0.2254973216815041,0.55
40,33.39253164556962,0.16518670886075948,0.22233623970205044,0.55
40,33.897721518987346,0.15255696202531632,0.21938563983375348,0.55
40,34.402911392405066,0.1399272151898734,0.2159467862315335,0.55
40,34.908101265822786,0.12729746835443034,0.2119194546867032,0.55
40,35.413291139240506,0.1146677215189873,0.20718479229268638,0.55
40,35.91848101265823,0.10203797468354414,0.20160543614378473,0.55
40,36.42367088607595,0.08940822784810121,0.19502520778319632,0.55
40,36.92886075949367,0.07677848101265816,0.1907533831706268,0.55
40,37.434050632911394,0.06414873417721512,0.18740582217711116,0.55
40,37.939240506329114,0.05151898734177218,0.18281571041538086,0.55
40,38.44443037974684,0.038889240506329026,0.17624997270064272,0.55
40,38.94962025316456,0.02625949367088598,0.16647999681805065,0.55
40,39.45481012658228,0.013629746835442935,0.15642161415918296,0.525
40,39.96,0.0010000000000000009,0.13394900461889808,0.525
50,0.05,0.999,-0.18311037095157837,0.28
50,0.6816455696202532,0.9863670886075949,-0.15086109715879698,0.28
50,1.3132911392405064,0.9737341772151898,-0.11154119620534483,0.3
50,1.9449367088607596,0.9611012658227848,-0.06559414301930587,0.32
50,2.5765822784810126,0.9484683544303798,0.012417852396294332,0.34
50,3.2082278481012656,0.9358354430379747,0.11164989064945502,0.38
50,3.839873417721519,0.9232025316455696,0.1889247322698011,0.42
50,4.4715189873417724,0.9105696202531646,0.2501905884572959,0.44
50,5.103164556962025,0.8979367088607595,0.2992559730603471,0.46
50,5.734810126582278,0.8853037974683544,0.33864508763915147,0.48
50,6.366455696202531,0.8726708860759493,0.3703400856945418,0.5
50,6.998101265822785,0.8600379746835443,0.39595633414530246,0.52
50,7.629746835443038,0.8474050632911392,0.4168663233615839,0.54
50,8.261392405063292,0.8347721518987341,0.4342815931350145,0.56
50,8.893037974683546,0.822139240506329,0.4472235091426848,0.56
50,9.524683544303798,0.8095063291139241,0.45785372617696796,0.56
50,10.156329113924052,0.796873417721519,0.46516692519200065,0.58
50,10.787974683544306,0.7842405063291139,0.4709217640683906,0.58
50,11.419620253164558,0.7716075949367088,0.47289882785208065,0.58
50,12.051265822784812,0.7589746835443038,0.47337902437567764,0.6
50,12.682911392405064,0.7463417721518988,0.4721370599380543,0.6
50,13.314556962025318,0.7337088607594937,0.4674786512545255,0.6
50,13.946202531645572,0.7210759493670886,0.460470024299544,0.6
50,14.577848101265824,0.7084430379746836,0.4511539155649662,0.6
50,15.209493670886078,0.6958101265822785,0.43926469065080737,0.6
50,15.841139240506331,0.6831772151898734,0.42456157872878675,0.6
50,16.472784810126583,0.6705443037974683,0.42264566645912494,0.6
50,17.104430379746837,0.6579113924050632,0.42125950770509624,0.6
50,17.73607594936709,0.6452784810126582,0.41949812418277177,0.62
50,18.367721518987345,0.6326455696202531,0.4173184209883685,0.62
50,18.999367088607595,0.620012658227848,0.41488037737853634,0.62
50,19.63101265822785,0.6073797468354429,0.41173673846570474,0.62
50,20.262658227848103,0.5947468354430379,0.40785086921546765,0.62
50,20.894303797468357,0.5821139240506328,0.4048108365560499,0.62
50,21.52594936708861,0.5694810126582277,0.40112053722816216,0.62
50,22.15759493670886,0.5568481012658228,0.39680099833640897,0.62
50,22.789240506329115,0.5442151898734178,0.39358048783358757,0.62
50,23.42088607594937,0.5315822784810127,0.39003353666935814,0.62
50,24.052531645569623,0.5189493670886076,0.38603228197307154,0.62
50,24.684177215189877,0.5063164556962025,0.38164564332975176,0.62
50,25.315822784810127,0.49368354430379746,0.3786505855909462,0.62
50,25.94746835443038,0.4810506329113924,0.3753240844498184,0.62
50,26.579113924050635,0.4684177215189873,0.3716483334334342,0.62
50,27.21075949367089,0.45578481012658223,0.36760060685112095,0.62
50,27.842405063291142,0.44315189873417715,0.3637656732272708,0.62
50,28.474050632911396,0.4305189873417721,0.3610055284135394,0.62
50,29.105696202531647,0.4178860759493671,0.3579679143150212,0.62
50,29.7373417721519,0.40525316455696203,0.35462756711870047,0.62
50,30.368987341772154,0.39262025316455695,0.3509560025676908,0.62
50,31.000632911392408,0.3799873417721519,0.3469216300417851,0.62
50,31.632278481012662,0.3673544303797468,0.34385084094549057,0.62
50,32.26392405063291,0.35472151898734183,0.3413537990845296,0.62
50,32.89556962025316,0.34208860759493676,0.3385960473996655,0.62
50,33.52721518987342,0.3294556962025317,0.335547830031465,0.62
50,34.15886075949367,0.3168227848101266,0.33217572560525965,0.62
50,34.790506329113924,0.3041898734177215,0.3284425134122941,0.62
50,35.42215189873418,0.29155696202531645,0.3243071847945649,0.62
50,36.05379746835443,0.27892405063291137,0.322108122616454,0.62
50,36.685443037974686,0.2662911392405063,0.3198261302171607,0.62
50,37.31708860759493,0.2536582278481013,0.31726838563243126,0.62
50,37.94873417721519,0.24102531645569625,0.3143943121319151,0.62
50,38.58037974683544,0.22839240506329117,0.31115680546458985,0.62
50,39.212025316455694,0.2157594936708861,0.3075016259161536,0.62
50,39.84367088607595,0.20312658227848102,0.30336706760462495,0.62
50,40.4753164556962,0.19049367088607594,0.30001016273399933,0.6
50,41.106962025316456,0.17786075949367086,0.2980516058815029,0.6
50,41.73860759493671,0.16522784810126578,0.2957779958745768,0.6
50,42.370253164556964,0.1525949367088607,0.2931194536103868,0.6
50,43.00189873417722,0.13996202531645563,0.2899870404880643,0.6
50,43.63354430379747,0.12732911392405055,0.28626784620429857,0.6
50,44.26518987341772,0.11469620253164559,0.28182000838845833,0.6
50,44.89683544303797,0.10206329113924051,0.2764691830398345,0.6
50,45.528481012658226,0.08943037974683543,0.2739643715102436,0.6
50,46.16012658227848,0.07679746835443035,0.27173008575084756,0.6
50,46.79177215189873,0.06416455696202528,0.26873837349390817,0.6
50,47.42341772151899,0.0515316455696202,0.26454933560069005,0.6
50,48.05506329113924,0.03889873417721512,0.2583421047644493,0.6
50,48.686708860759495,0.026265822784810045,0.2485287558156098,0.6
50,49.31835443037975,0.013632911392404967,0.24522515368657086,0.58
50,49.95,0.0009999999999998899,0.2241493971855997,0.58
60,0.05,0.9991666666666666,-0.0880844317394869,0.3333333333333333
60,0.8081012658227849,0.9865316455696203,-0.06570045810266321,0.35
60,1.5662025316455697,0.9738966244725739,-0.03421268134526067,0.36666666666666664
60,2.324303797468354,0.9612616033755275,0.004035402189820473,0.36666666666666664
60,3.082405063291139,0.9486265822784811,0.046288573943432824,0.38333333333333336
60,3.840506329113924,0.9359915611814346,0.09137064756661266,0.4166666666666667
60,4.598607594936708,0.9233565400843882,0.15270193183615366,0.45
60,5.356708860759493,0.9107215189873418,0.21950029590054956,0.4666666666666667
60,6.114810126582278,0.8980864978902954,0.2714054719751964,0.5
60,6.872911392405063,0.885451476793249,0.31278498235651353,0.5166666666666667
60,7.631012658227848,0.8728164556962026,0.34573120238913985,0.5333333333333333
60,8.389113924050633,0.8601814345991561,0.3718392421326953,0.5333333333333333
60,9.147215189873418,0.8475464135021097,0.3924020914250621,0.55
60,9.905316455696203,0.8349113924050633,0.4085388535594138,0.5833333333333334
60,10.663417721518988,0.8222763713080169,0.42127402936730396,0.5833333333333334
60,11.421518987341774,0.8096413502109705,0.430081545207461,0.6
60,12.179620253164558,0.797006329113924,0.43597215546160156,0.6
60,12.937721518987342,0.7843713080168776,0.4388378717007559,0.6166666666666667
60,13.695822784810128,0.7717362869198312,0.439440399028354,0.6166666666666667
60,14.453924050632912,0.7591012658227848,0.43617414841003754,0.6166666666666667
60,15.212025316455698,0.7464662447257384,0.43553024985350447,0.6166666666666667
60,15.970126582278482,0.7338312236286919,0.44079403157316815,0.6333333333333333
60,16.728227848101266,0.7211962025316456,0.44404723807213814,0.6333333333333333
60,17.48632911392405,0.7085611814345991,0.4468841325666656,0.6333333333333333
60,18.244430379746834,0.6959261603375528,0.4491719849198018,0.6333333333333333
60,19.002531645569622,0.6832911392405063,0.4509019686119501,0.65
60,19.760632911392406,0.6706561181434598,0.4511966483784711,0.65
60,20.51873417721519,0.6580210970464135,0.4504595718238273,0.65
60,21.276835443037974,0.645386075949367,0.44963733630587854,0.65
60,22.03493670886076,0.6327510548523207,0.4479199727857989,0.65
60,22.793037974683546,0.6201160337552742,0.4460035517134706,0.65
60,23.55113924050633,0.6074810126582278,0.444088734016434,0.65
60,24.309240506329115,0.5948459915611815,0.44155310534223974,0.65
60,25.0673417721519,0.582210970464135,0.43849825024214706,0.65
60,25.825443037974683,0.5695759493670887,0.43630162148613993,0.65
60,26.58354430379747,0.5569409282700422,0.43370534586102777,0.65
60,27.341645569620255,0.5443059071729958,0.4307205256699959,0.65
60,28.09974683544304,0.5316708860759494,0.427347200790445,0.65
60,28.857848101265823,0.519035864978903,0.42497394028995206,0.65
60,29.615949367088607,0.5064008438818566,0.4224824522577672,0.65
60,30.374050632911395,0.49376582278481007,0.4197123082200695,0.65
60,31.13215189873418,0.4811308016877637,0.416646436358324,0.65
60,31.890253164556963,0.4684957805907173,0.413262911117998,0.65
60,32.64835443037975,0.4558607594936709,0.4110908217950298,0.65
60,33.40645569620253,0.4432257383966245,0.40881898628063124,0.65
60,34.164556962025316,0.4305907172995781,0.4063148134539865,0.65
60,34.922658227848096,0.4179556962025317,0.4035555690758146,0.65
60,35.680759493670884,0.4053206751054853,0.4005152008904036,0.65
60,36.438860759493664,0.3926856540084389,0.39719973643065565,0.65
60,37.19696202531645,0.3800506329113925,0.3953594914752341,0.65
60,37.95506329113924,0.367415611814346,0.39332643065836476,0.65
60,38.71316455696202,0.3547805907172996,0.39107804434790977,0.65
60,39.47126582278481,0.3421455696202532,0.38858844674442283,0.65
60,40.22936708860759,0.3295105485232068,0.3858279416761826,0.65
60,40.987468354430376,0.31687552742616043,0.3827625737216354,0.65
60,41.745569620253164,0.3042405063291139,0.37959791144420973,0.65
60,42.503670886075945,0.29160548523206764,0.37796555219551564,0.65
60,43.26177215189873,0.27897046413502113,0.3761404872419019,0.65
60,44.01987341772151,0.26633544303797474,0.37409414109754197,0.65
60,44.7779746835443,0.25370042194092834,0.3717925774928863,0.65
60,45.53607594936709,0.24106540084388184,0.3691954715143584,0.65
60,46.29417721518987,0.22843037974683555,0.3662549620458588,0.65
60,47.05227848101266,0.21579535864978905,0.36291444829012826,0.65
60,47.81037974683544,0.20316033755274276,0.36009447992865645,0.6333333333333333
60,48.568481012658225,0.19052531645569626,0.3585855644922037,0.6333333333333333
60,49.32658227848101,0.17789029535864975,0.35684003194633934,0.6333333333333333
60,50.08468354430379,0.16525527426160347,0.35480534397258545,0.6333333333333333
60,50.84278481012658,0.15262025316455696,0.352413496735276,0.6333333333333333
60,51.60088607594936,0.13998523206751068,0.3495757690860563,0.6333333333333333
60,52.35898734177215,0.12735021097046417,0.34617583942562213,0.6333333333333333
60,53.11708860759494,0.11471518987341767,0.3420613131818256,0.6333333333333333
60,53.87518987341772,0.10208016877637138,0.33900986972884356,0.6333333333333333
60,54.633291139240505,0.08944514767932488,0.33748373125869546,0.6333333333333333
60,55.391392405063286,0.07681012658227859,0.33550027664038407,0.6333333333333333
60,56.14949367088607,0.06417510548523209,0.3328237796970322,0.6333333333333333
60,56.90759493670886,0.05154008438818569,0.32902799541414074,0.6333333333333333
60,57.66569620253164,0.0389050632911393,0.32327411289927543,0.6333333333333333
60,58.42379746835443,0.02627004219409279,0.3162913371564116,0.6333333333333333
60,59.18189873417721,0.013635021097046507,0.31398944881907276,0.6166666666666667
60,59.94,0.0010000000000000009,0.29455168729152786,0.6166666666666667
70,0.05,0.9992857142857143,-0.006379212239190706,0.38571428571428573
70,0.9345569620253166,0.9866491862567812,0.008684079688929154,0.4
70,1.819113924050633,0.9740126582278481,0.034494010467136196,0.4142857142857143
70,2.7036708860759493,0.961376130198915,0.06879855733512284,0.42857142857142855
70,3.588227848101266,0.9487396021699819,0.10694006418148244,0.44285714285714284
70,4.472784810126583,0.9361030741410488,0.14699658736357393,0.45714285714285713
70,5.357341772151899,0.9234665461121158,0.18698113878504402,0.4857142857142857
70,6.241898734177216,0.9108300180831826,0.22499380004843655,0.5142857142857142
70,7.126455696202532,0.8981934900542495,0.2608711988663274,0.5285714285714286
70,8.011012658227848,0.8855569620253164,0.3017577762667691,0.5428571428571428
70,8.895569620253166,0.8729204339963833,0.3344845410979941,0.5571428571428572
70,9.780126582278482,0.8602839059674503,0.36031828304768704,0.5714285714285714
70,10.664683544303799,0.8476473779385172,0.38044460278318254,0.5857142857142857
70,11.549240506329115,0.8350108499095841,0.3958620101455362,0.6
70,12.433797468354433,0.822374321880651,0.4074796833654542,0.6142857142857143
70,13.318354430379749,0.8097377938517178,0.41869391385355603,0.6285714285714286
70,14.202911392405065,0.7971012658227847,0.4309233221599518,0.6285714285714286
70,15.087468354430381,0.7844647377938517,0.44237812471308025,0.6428571428571429
70,15.972025316455698,0.7718282097649186,0.4509530467496819,0.6428571428571429
70,16.856582278481014,0.7591916817359855,0.4597742971088201,0.6571428571428571
70,17.74113924050633,0.7465551537070524,0.4656400871621284,0.6571428571428571
70,18.625696202531646,0.7339186256781194,0.47147021730279376,0.6571428571428571
70,19.510253164556964,0.7212820976491863,0.47621316593131574,0.6714285714285714
70,20.394810126582282,0.7086455696202532,0.47914747134124,0.6714285714285714
70,21.279367088607597,0.69600904159132,0.4812474888097995,0.6714285714285714
70,22.163924050632914,0.6833725135623869,0.4825302033041335,0.6714285714285714
70,23.04848101265823,0.6707359855334538,0.48352082326005563,0.6714285714285714
70,23.933037974683547,0.6580994575045207,0.48353218940479975,0.6714285714285714
70,24.817594936708865,0.6454629294755876,0.4827962684137343,0.6857142857142857
70,25.70215189873418,0.6328264014466546,0.4821465498201125,0.6857142857142857
70,26.586708860759497,0.6201898734177215,0.48082065006661806,0.6857142857142857
70,27.47126582278481,0.6075533453887885,0.4788245085915104,0.6857142857142857
70,28.35582278481013,0.5949168173598554,0.4768387472320758,0.6857142857142857
70,29.240379746835448,0.5822802893309222,0.47502512143821646,0.6857142857142857
70,30.124936708860762,0.5696437613019891,0.4728725782467586,0.6857142857142857
70,31.00949367088608,0.557007233273056,0.4703914705188531,0.6857142857142857
70,31.894050632911394,0.5443707052441229,0.4678154612136461,0.6857142857142857
70,32.77860759493671,0.5317341772151899,0.4659792552474559,0.6857142857142857
70,33.66316455696202,0.5190976491862569,0.4639198946432728,0.6857142857142857
70,34.547721518987345,0.5064611211573237,0.4616273273458481,0.6857142857142857
70,35.43227848101266,0.49382459312839055,0.4590867091747262,0.6857142857142857
70,36.316835443037974,0.48118806509945755,0.45634409979078916,0.6857142857142857
70,37.20139240506329,0.46855153707052444,0.45465223999823684,0.6857142857142857
70,38.08594936708861,0.4559150090415913,0.452783889558073,0.6857142857142857
70,38.970506329113924,0.4432784810126582,0.4507226640923365,0.6857142857142857
70,39.85506329113924,0.4306419529837252,0.4484493831380574,0.6857142857142857
70,40.73962025316456,0.418005424954792,0.44594186634966404,0.6857142857142857
70,41.624177215189874,0.405368896925859,0.4431746606151168,0.6857142857142857
70,42.50873417721519,0.39273236889692587,0.44164387258276544,0.6857142857142857
70,43.39329113924051,0.38009584086799275,0.4399846424177094,0.6857142857142857
70,44.277848101265825,0.36745931283905964,0.4381495083688236,0.6857142857142857
70,45.16240506329114,0.35482278481012663,0.43611715241706506,0.6857142857142857
70,46.04696202531645,0.3421862567811935,0.4338628677998247,0.6857142857142857
70,46.931518987341775,0.3295497287522604,0.431358027112978,0.6857142857142857
70,47.81607594936709,0.3169132007233273,0.4285694917649936,0.6857142857142857
70,48.700632911392404,0.3042766726943942,0.4271222718657671,0.6857142857142857
70,49.585189873417725,0.29164014466546107,0.42565562217847025,0.6857142857142857
70,50.46974683544304,0.27900361663652795,0.42401337564265756,0.6857142857142857
70,51.354303797468354,0.26636708860759495,0.42216863482623385,0.6857142857142857
70,52.238860759493676,0.2537305605786617,0.42008914121837654,0.6857142857142857
70,53.12341772151899,0.24109403254972872,0.4177360989771662,0.6857142857142857
70,54.007974683544305,0.2284575045207956,0.4150627739413914,0.6857142857142857
70,54.89253164556962,0.2158209764918626,0.4120403906355235,0.6714285714285714
70,55.77708860759494,0.20318444846292938,0.410865701541845,0.6714285714285714
70,56.661645569620255,0.19054792043399638,0.4095138419503238,0.6714285714285714
70,57.54620253164557,0.17791139240506326,0.4079467865168306,0.6714285714285714
70,58.43075949367089,0.16527486437613015,0.4061153078138299,0.6714285714285714
70,59.315316455696205,0.15263833634719703,0.4039548993040649,0.6714285714285714
70,60.19987341772152,0.14000180831826403,0.40138003328568345,0.6714285714285714
70,61.084430379746834,0.12736528028933092,0.3982761402222317,0.6714285714285714
70,61.968987341772156,0.1147287522603978,0.3944887176258958,0.6714285714285714
70,62.85354430379747,0.10209222423146469,0.3931734868272371,0.6714285714285714
70,63.738101265822785,0.08945569620253169,0.39181146095443947,0.6714285714285714
70,64.6226582278481,0.07681916817359846,0.3900357420982668,0.6714285714285714
70,65.50721518987342,0.06418264014466546,0.3876278050701347,0.6714285714285714
70,66.39177215189873,0.051546112115732345,0.3841847120087959,0.6714285714285714
70,67.27632911392405,0.03890958408679934,0.3788857504356377,0.6714285714285714
70,68.16088607594936,0.02627305605786623,0.37400302229889876,0.6714285714285714
70,69.04544303797469,0.013636528028933004,0.3719634891058004,0.6571428571428571
70,69.93,0.0009999999999998899,0.35412153078296876,0.6571428571428571
75,0.05,0.9993333333333333,0.02907260553634777,0.41333333333333333
75,0.9977848101265824,0.9866962025316456,0.041357068756772045,0.4266666666666667
75,1.9455696202531647,0.9740590717299578,0.06550852453339925,0.4266666666666667
75,2.893354430379747,0.96142194092827,0.09772847111331504,0.44
75,3.841139240506329,0.9487848101265823,0.13483081233341906,0.4666666666666667
75,4.788924050632912,0.9361476793248945,0.17373230413960813,0.48
75,5.736708860759494,0.9235105485232067,0.21166842349983692,0.5066666666666667
75,6.684493670886076,0.910873417721519,0.24802503210611576,0.5333333333333333
75,7.6322784810126585,0.8982362869198313,0.2818133825425103,0.5466666666666666
75,8.580063291139242,0.8855991561181434,0.31246156785008367,0.56
75,9.527848101265825,0.8729620253164556,0.3397373733044548,0.5733333333333334
75,10.475632911392406,0.8603248945147679,0.36394205816886416,0.5866666666666667
75,11.42341772151899,0.8476877637130802,0.38519201474382586,0.6
75,12.37120253164557,0.8350506329113924,0.4037216736928778,0.6133333333333333
75,13.318987341772154,0.8224135021097047,0.42012957768373466,0.6266666666666667
75,14.266772151898735,0.8097763713080168,0.43466496748135286,0.64
75,15.214556962025318,0.7971392405063291,0.4469610659371543,0.6533333333333333
75,16.1623417721519,0.7845021097046413,0.457582787298498,0.6533333333333333
75,17.110126582278482,0.7718649789029536,0.46743751886558066,0.6666666666666666
75,18.057911392405064,0.7592278481012658,0.47483650960104723,0.6666666666666666
75,19.00569620253165,0.746590717299578,0.4818513300220659,0.68
75,19.95348101265823,0.7339535864978903,0.487287378454392,0.68
75,20.90126582278481,0.7213164556962025,0.49133326568503616,0.68
75,21.849050632911393,0.7086793248945147,0.4946363325316109,0.68
75,22.796835443037978,0.696042194092827,0.4969124280621566,0.6933333333333334
75,23.74462025316456,0.6834050632911393,0.49889506271344675,0.6933333333333334
75,24.69240506329114,0.6707679324894515,0.49918095824500464,0.6933333333333334
75,25.640189873417725,0.6581308016877636,0.4986374177639572,0.6933333333333334
75,26.587974683544306,0.6454936708860759,0.4981506796287986,0.6933333333333334
75,27.535759493670888,0.6328565400843882,0.4971776463184672,0.6933333333333334
75,28.48354430379747,0.6202194092827005,0.49563644163599785,0.6933333333333334
75,29.431329113924054,0.6075822784810125,0.49369207046870667,0.6933333333333334
75,30.379113924050635,0.5949451476793248,0.4922604681981999,0.6933333333333334
75,31.326898734177217,0.5823080168776371,0.49049055124188196,0.6933333333333334
75,32.2746835443038,0.5696708860759494,0.4884032069370655,0.6933333333333334
75,33.222468354430376,0.5570337552742617,0.4860073400768859,0.6933333333333334
75,34.17025316455696,0.5443966244725739,0.48411306170284263,0.6933333333333334
75,35.118037974683546,0.531759493670886,0.48234900399382186,0.6933333333333334
75,36.06582278481012,0.5191223628691983,0.4803746440955382,0.6933333333333334
75,37.01360759493671,0.5064852320675106,0.47817930035563205,0.6933333333333334
75,37.96139240506329,0.4938481012658228,0.4757478081043729,0.6933333333333334
75,38.90917721518987,0.4812109704641351,0.4736757397625873,0.6933333333333334
75,39.856962025316456,0.46857383966244726,0.4720618209527269,0.6933333333333334
75,40.80474683544304,0.45593670886075943,0.47027975416260726,0.6933333333333334
75,41.75253164556962,0.4432995780590717,0.46831349445903037,0.6933333333333334
75,42.7003164556962,0.430662447257384,0.4661443057752851,0.6933333333333334
75,43.64810126582278,0.4180253164556963,0.46375052153106555,0.6933333333333334
75,44.595886075949366,0.40538818565400847,0.461602865330923,0.6933333333333334
75,45.54367088607595,0.39275105485232065,0.460173898062489,0.6933333333333334
75,46.49145569620253,0.38011392405063293,0.45859453179425125,0.6933333333333334
75,47.439240506329114,0.3674767932489451,0.45684698783228556,0.6933333333333334
75,48.3870253164557,0.3548396624472574,0.45491061433952884,0.6933333333333334
75,49.334810126582276,0.3422025316455697,0.45276140383600694,0.6933333333333334
75,50.28259493670886,0.32956540084388186,0.45037143321604467,0.6933333333333334
75,51.230379746835446,0.31692827004219404,0.4480832305259956,0.6933333333333334
75,52.178164556962024,0.3042911392405063,0.44683510517453573,0.6933333333333334
75,53.12594936708861,0.2916540084388185,0.4454408905408395,0.6933333333333334
75,54.073734177215194,0.2790168776371308,0.44387889208726705,0.6933333333333334
75,55.02151898734177,0.2663797468354431,0.44212310462195203,0.6933333333333334
75,55.969303797468356,0.25374261603375525,0.44014222616547366,0.6933333333333334
75,56.917088607594934,0.24110548523206754,0.43789844199549083,0.6933333333333334
75,57.86487341772152,0.22846835443037972,0.43534594548413263,0.68
75,58.812658227848104,0.215831223628692,0.43295193166518875,0.68
75,59.76044303797468,0.2031940928270043,0.43183715564626973,0.68
75,60.70822784810127,0.19055696202531647,0.4305534930704668,0.68
75,61.65601265822785,0.17791983122362864,0.42906437252546253,0.68
75,62.60379746835443,0.16528270042194093,0.42732228383402365,0.68
75,63.551582278481014,0.1526455696202531,0.4252646882449645,0.68
75,64.4993670886076,0.1400084388185654,0.42280816929328824,0.68
75,65.44715189873418,0.12737130801687768,0.4198400825675672,0.68
75,66.39493670886075,0.11473417721518997,0.4164886219047044,0.68
75,67.34272151898735,0.10209704641350204,0.41546869411858955,0.68
75,68.29050632911392,0.08945991561181432,0.414177293701037,0.68
75,69.2382911392405,0.07682278481012661,0.4124917324894246,0.68
75,70.1860759493671,0.06418565400843879,0.4102019549917593,0.68
75,71.13386075949367,0.05154852320675107,0.40691786442837496,0.68
75,72.08164556962025,0.03891139240506336,0.4018347184085515,0.68
75,73.02943037974684,0.026274261603375426,0.3976909357475005,0.68
75,73.97721518987342,0.013637130801687714,0.3957623696902635,0.6666666666666666
75,74.925,0.0010000000000000009,0.37866819733668755,0.6666666666666666
