C,k,beta2,tau2,rho,T,failure_fraction,mean_x_T,std_x_T,wilson_ci_95_low,wilson_ci_95_high
10,0.1,0.99,99.99999999999991,9.999999999999991,550,0.33,-0.1560760449557181,0.8139147311153134,0.24563122674486615,0.4269465628365927
10,0.25,0.975,39.999999999999964,3.999999999999997,550,0.24,-0.315732505552135,0.8042261722625981,0.1669132550788802,0.33232336428099796
10,0.5,0.95,19.999999999999982,1.9999999999999984,550,0.37,-0.0577424389389134,0.8648898312477626,0.2818236047080924,0.4677947049718467
10,1.0,0.9,10.000000000000002,1.0000000000000002,550,0.36,-0.0886455941039352,0.8436943640185504,0.2727122033881362,0.45764597626718284
10,1.5,0.85,6.666666666666666,0.6666666666666666,550,0.43,0.1038490150592071,0.8242120414437992,0.33733298455633143,0.5278461052713281
10,2.0,0.8,5.000000000000001,0.5000000000000001,550,0.45,0.0168151218626403,0.8853230950770433,0.3561453790959721,0.5475539707809276
10,3.0,0.7,3.333333333333333,0.3333333333333333,550,0.5,0.1289014331172129,0.8609809059821553,0.40383152963549296,0.596168470364507
10,5.0,0.5,2.0,0.2,550,0.57,0.2251130655330638,0.8539965773695849,0.4721538947286719,0.6626670154436687
10,10.0,0.05,1.0526315789473684,0.1052631578947368,550,0.52,0.1407946563860571,0.8741452503229911,0.42316577691101653,0.6153544831382237
30,0.1,0.9966666666666668,300.00000000000307,10.64516129032269,1550,0.4,0.0324628326266643,0.8441218013109587,0.3094012857712627,0.4979974139825367
30,0.25,0.9916666666666668,120.00000000000044,4.258064516129048,1550,0.33,-0.0370652264766761,0.7935026058910191,0.24563122674486615,0.4269465628365927
30,0.5,0.9833333333333332,59.999999999999815,2.12903225806451,1550,0.35,-0.0449512595450398,0.8117969581224518,0.2636424818146032,0.4474555678160957
30,1.0,0.9666666666666668,30.000000000000007,1.0645161290322585,1550,0.42,0.0772379319460512,0.8480023091138098,0.3279838260663658,0.5179351337366737
30,1.5,0.95,19.999999999999982,0.7096774193548381,1550,0.37,-0.0137504864179001,0.7942176508498753,0.2818236047080924,0.4677947049718467
30,2.0,0.9333333333333332,15.000000000000004,0.5322580645161292,1550,0.45,0.1432575292575252,0.8365736618213067,0.3561453790959721,0.5475539707809276
30,3.0,0.9,10.000000000000002,0.3548387096774194,1550,0.49,0.1900583891076319,0.8426837941476062,0.3942199885796587,0.5865198813957212
30,5.0,0.8333333333333334,6.000000000000002,0.2129032258064516,1550,0.58,0.3992454178588928,0.7500672291839154,0.48206486626332634,0.6720161739336342
30,10.0,0.6666666666666667,3.000000000000001,0.1064516129032258,1550,0.5,0.2207566733807397,0.8197916546616335,0.40383152963549296,0.596168470364507
100,0.1,0.999,999.9999999999992,10.89108910891088,5050,0.56,0.2078731727528151,0.8921380017430272,0.46228104575723733,0.6532797343904831
100,0.25,0.9975,400.0000000000085,4.356435643564449,5050,0.56,0.253687238777584,0.8700741891502238,0.46228104575723733,0.6532797343904831
100,0.5,0.995,199.99999999999983,2.1782178217821766,5050,0.49,0.1218313476367874,0.9019622870586886,0.3942199885796587,0.5865198813957212
100,1.0,0.99,99.99999999999991,1.0891089108910883,5050,0.53,0.1574882401816337,0.9139186810386506,0.43288856895480055,0.6248918211190597
100,1.5,0.985,66.66666666666661,0.7260726072607255,5050,0.57,0.2552244764983677,0.8728105122817035,0.4721538947286719,0.6626670154436687
100,2.0,0.98,49.99999999999996,0.5445544554455441,5050,0.63,0.3514278467616435,0.8595290680894137,0.5322052950281534,0.7181763952919077
100,3.0,0.97,33.33333333333331,0.3630363036303627,5050,0.54,0.2245473623384593,0.8833431258130544,0.4426486024827802,0.6343919176157
100,5.0,0.95,19.999999999999982,0.2178217821782176,5050,0.71,0.5170419360568543,0.7607122957886829,0.6146110874554646,0.7898516430615571
100,10.0,0.9,10.000000000000002,0.1089108910891089,5050,0.67,0.4844391562846522,0.7587483792566616,0.5730534371634074,0.754368773255134
300,0.1,0.9996666666666668,3000.0000000003306,10.96345514950287,15050,0.72,0.5164776362841862,0.8045925530008697,0.6251197121124493,0.7986031484291923
300,0.25,0.9991666666666666,1199.9999999999725,4.3853820598005635,15050,0.83,0.7145318789906137,0.6413996456190252,0.7445199515664943,0.8910643392459682
300,0.5,0.9983333333333332,599.9999999999861,2.1926910299002818,15050,0.76,0.5964180582555314,0.7317048505613793,0.667676635719002,0.8330867449211199
300,1.0,0.9966666666666668,300.00000000000307,1.0963455149501773,15050,0.72,0.5312887963073957,0.7910830517571461,0.6251197121124493,0.7986031484291923
300,1.5,0.995,199.99999999999983,0.7308970099667769,15050,0.78,0.6095566280321183,0.7314456582135366,0.6892964640723263,0.8499871766170359
300,2.0,0.9933333333333332,149.99999999999903,0.5481727574750795,15050,0.82,0.6881087333804176,0.6747993081978323,0.7333264153744679,0.8829977454133746
300,3.0,0.99,99.99999999999991,0.3654485049833884,15050,0.73,0.5399705996077548,0.7730138045605331,0.6356788315330401,0.8073041590332216
300,5.0,0.9833333333333332,59.999999999999815,0.2192691029900325,15050,0.7,0.4893004991176327,0.8001780676250836,0.6041514528775586,0.7810511476148428
300,10.0,0.9666666666666668,30.000000000000007,0.1096345514950166,15050,0.73,0.5939528476671554,0.7055538733263783,0.6356788315330401,0.8073041590332216
1000,0.1,0.9999,10000.0000000011,10.9890109890122,50050,0.93,0.8882210014794907,0.4276779506644318,0.8625048519384759,0.9656807391201874
1000,0.25,0.99975,4000.0000000004407,4.39560439560488,50050,0.91,0.8431786006115034,0.4933034730237334,0.8377378707781101,0.9519274602313131
1000,0.5,0.9995,2000.0000000002203,2.19780219780244,50050,0.84,0.7573854571208476,0.5758328697578401,0.7557973053553682,0.8990471154817143
1000,1.0,0.999,999.9999999999992,1.098901098901098,50050,0.82,0.7301741590467556,0.6109111473877711,0.7333264153744679,0.8829977454133746
1000,1.5,0.9985,666.6666666666907,0.7326007326007591,50050,0.88,0.7992313199128428,0.5417878276205579,0.8018790050092598,0.9300059359263032
1000,2.0,0.998,499.99999999999955,0.549450549450549,50050,0.86,0.7590378905942117,0.5900146498746303,0.7786281171512964,0.9147365637350263
1000,3.0,0.997,333.33333333333303,0.366300366300366,50050,0.89,0.8047223437027542,0.5547574058834895,0.8136870342543766,0.9374580367058064
1000,5.0,0.995,199.99999999999983,0.2197802197802196,50050,0.84,0.7853461215676683,0.5093301060718134,0.7557973053553682,0.8990471154817143
1000,10.0,0.99,99.99999999999991,0.1098901098901098,50050,0.79,0.6832901953743771,0.6377690017440864,0.7002003108844285,0.8583434598295537
